adm2_name,adm1_name,adm2_pcode,area_km2,crop_km2,range_km2,crop_pct,range_pct
Juba,Central Equatoria,SS0101,18447.613327002968,20.717529575651398,13766.31353953586,0.11230466081661526,74.62381878627744
Kajo-keji,Central Equatoria,SS0102,2521.365354759557,6.77979130176095,1337.8755488252627,0.2688936487908349,53.06155041353956
Lainya,Central Equatoria,SS0103,3510.954600930283,14.630205232718163,1450.9981212430926,0.41670163518610176,41.32773807039908
Morobo,Central Equatoria,SS0104,1313.7226965293758,22.318552422451052,498.0335015091332,1.6988784985912737,37.91009341810491
Terekeka,Central Equatoria,SS0105,10732.00943024605,5.497990827837167,7906.103522877429,0.051229835974073656,73.6684362258911
Yei,Central Equatoria,SS0106,6745.167990834659,30.07074404349068,2275.119695630572,0.4458116400414465,33.72962243078315
Budi,Eastern Equatoria,SS0201,5755.333189019721,207.35700793632606,3534.6777374703343,3.602867134294343,61.41569256518369
Ikotos,Eastern Equatoria,SS0202,3522.7412718524156,158.72225717364464,2014.2536642996347,4.50564616941571,57.17858647167834
Kapoeta East,Eastern Equatoria,SS0203,29700.200722976548,475.33433804470906,18779.108531103804,1.6004415003060328,63.22889433058945
Kapoeta North,Eastern Equatoria,SS0204,5761.226524480788,80.84674015558382,4199.283906489954,1.403290424565798,72.88871369050014
Kapoeta South,Eastern Equatoria,SS0205,1204.9415461438591,62.710000312261286,636.3574503434054,5.204401866044901,52.8123088111554
Lafon,Eastern Equatoria,SS0206,16319.38255862538,33.267878545645665,14836.24368147875,0.20385500754170624,90.91179539533046
Magwi,Eastern Equatoria,SS0207,5217.320772553205,80.12480660060884,3539.9743722024,1.5357462209746036,67.8504260429063
Torit,Eastern Equatoria,SS0208,5858.466559588383,47.00426135266605,3239.8096069253115,0.8023304541311332,55.30132456970005
Akobo,Jonglei,SS0301,9115.27106876018,0.09085558678470874,6575.967885075619,0.0009967403722758027,72.142318483679
Ayod,Jonglei,SS0302,13600.099354631677,0.1989000733112059,5111.272665170462,0.0014624898548514507,37.58261268458863
Bor South,Jonglei,SS0303,14067.88285685382,1.8244784199494894,11812.469008720831,0.01296910443820344,83.9676384066977
Canal/Pigi,Jonglei,SS0304,4499.3160688799535,0.007366669161675058,2002.8304121437895,0.00016372864339599274,44.51410795513124
Duk,Jonglei,SS0305,6951.680287616192,0.03928890219560031,1714.1232770909714,0.0005651713049230707,24.657682835968902
Fangak,Jonglei,SS0306,7754.6472441864835,0.5058446175978861,2015.923439354364,0.006523115773926513,25.99632679443497
Nyirol,Jonglei,SS0307,7163.349252926158,0.3683334617428171,3742.3171341812526,0.005141916842772345,52.242561433850966
Pibor,Jonglei,SS0308,33286.540906679635,0.30203343608606037,27128.661018966202,0.0009073740552760503,81.5003910890671
Pochalla,Jonglei,SS0309,8330.72078550572,0.0,5911.678474616725,0.0,70.96238881156852
Twic East,Jonglei,SS0310,5994.9954977697535,0.0,1753.4023573089246,0.0,29.247767708269706
Uror,Jonglei,SS0311,12289.814437121257,0.6851002366096107,11792.809830856844,0.005574536866401112,95.95596329946842
Awerial,Lakes,SS0401,4556.77608962535,1.6133005683612232,2513.389710221848,0.035404429285746754,55.157191417507065
Cueibet,Lakes,SS0402,4903.746214895632,3.742267984443063,3500.366245345179,0.07631447102779382,71.38147228566719
Rumbek Centre,Lakes,SS0403,3887.3914035058965,28.752110324382794,3152.787144620651,0.7396247853625523,81.10289953765056
Rumbek East,Lakes,SS0404,3591.005740943101,4.834990599627347,2628.886811304743,0.13464168392996054,73.2075357421824
Rumbek North,Lakes,SS0405,4141.295939620172,0.800511394127315,3415.6912967661747,0.019329973172618413,82.47880244654652
Wulu,Lakes,SS0406,11922.463193381454,0.09576669910177575,6615.941873064588,0.0008032459194752553,55.49140111195573
Yirol East,Lakes,SS0407,5615.120916175184,0.6875557916246866,2139.111342267698,0.012244719248058946,38.09555260164875
Yirol West,Lakes,SS0408,4892.696210906133,11.003348401218974,3655.0908586862533,0.22489334973816288,74.70504403152646
Aweil Centre,Northern Bahr el Ghazal,SS0501,11289.666298249454,3.8945124891412912,6417.744092426219,0.03449625866926787,56.84618059456139
Aweil East,Northern Bahr el Ghazal,SS0502,6455.657886309774,193.01410253791798,4391.06777701364,2.989844039710258,68.0189045693636
Aweil North,Northern Bahr el Ghazal,SS0503,6433.312322686564,43.34057108433925,4498.365769640266,0.6736898336414071,69.92301234586633
Aweil South,Northern Bahr el Ghazal,SS0504,2003.2429454741396,34.7584013605088,1504.7846349461622,1.7351066399129125,75.11743088105575
Aweil West,Northern Bahr el Ghazal,SS0505,5065.567384430746,24.953364402616963,3635.9252365325437,0.4926074911038056,71.77725535164583
Abiemnhom,Unity,SS0601,2449.4175510057053,0.009822225548900077,1177.3705568747375,0.00040100249730255967,48.06736835829896
Guit,Unity,SS0602,3502.1145977386836,0.8545336314445842,1228.7948224531556,0.02440050454078107,35.08722482258544
Koch,Unity,SS0603,4448.977161816679,0.6900113521283588,1761.446759659792,0.015509437945655857,39.592173562440344
Leer,Unity,SS0604,1629.7528106290592,0.3094001057051185,783.3568845412126,0.01898448057197673,48.0659937772311
Mayendit,Unity,SS0605,3094.9833396366826,0.21608896482009987,1463.1531309673724,0.006981910437213092,47.27499215356457
Mayom,Unity,SS0606,4317.35933651953,7.514002658796933,1613.3865279865033,0.17404163223657912,37.369753180821554
Panyijiar,Unity,SS0607,5375.213051780941,0.5156668500075317,1802.5920643122943,0.009593421600966653,33.53526728982493
Pariang,Unity,SS0608,9109.623288943323,62.641244709177684,6759.10082814922,0.687638146192144,74.19736924086624
Rubkona,Unity,SS0609,3615.0701940757885,2.249289673109886,1307.5346932187595,0.06221980632066063,36.16899874756201
Baliet,Upper Nile,SS0701,11845.113165454959,0.21854451937779276,9310.085105019307,0.001845018416667855,78.59853236498577
Fashoda,Upper Nile,SS0702,3652.885763284298,2.1608896610077233,2761.8920225357892,0.059155686792265696,75.6084969942389
Longochuk,Upper Nile,SS0703,7027.802537321632,0.017188894710575137,4111.225199868307,0.0002445842013814748,58.499441013536746
Luakpiny/Nasir,Upper Nile,SS0704,5251.4530070985475,0.0,2519.4156455407547,0.0,47.97559155790187
Maban,Upper Nile,SS0705,12011.354336585871,7.288091493584,9839.959816785431,0.06067668382228061,81.92215083367826
Maiwut,Upper Nile,SS0706,3729.9902355665827,0.004911112774450038,2162.296705668101,0.00013166556651063308,57.970572819466106
Malakal,Upper Nile,SS0707,763.6780534965156,0.017188894710575137,592.7467711369461,0.002250803808211514,77.61736355039179
Manyo,Upper Nile,SS0708,6813.186904281132,312.09140188418087,4757.242811619611,4.580696321248361,69.82404678536489
Melut,Upper Nile,SS0709,7061.934771866975,2.0356562715377566,5050.006529685808,0.02882575862421322,71.51024036364372
Panyikang,Upper Nile,SS0710,5188.590762180506,0.05402224097633345,3915.4633317762136,0.0010411736722444958,75.46294381734472
Renk,Upper Nile,SS0711,10233.040361209098,1521.5192509955748,6446.820343610181,14.868691975097398,63.000048040936775
Ulang,Upper Nile,SS0712,4894.660656059822,0.0,928.3353911162573,0.0,18.966287069705924
Gogrial East,Warrap,SS0801,4476.970505256743,39.59339183664272,2015.3267392135576,0.8843791083759248,45.0154124725015
Gogrial West,Warrap,SS0802,4452.906052124056,187.06920060540298,2718.24204835446,4.201058778596286,61.0442263217713
Tonj East,Warrap,SS0803,4466.657168199878,6.669291234605928,3163.871524465756,0.14931280784403117,70.83309520575627
Tonj North,Warrap,SS0804,11355.475210898028,44.68376031792204,6078.617023803233,0.39349969497567416,53.53027425897147
Tonj South,Warrap,SS0805,7486.746036352175,19.509395786941,4685.582303867199,0.26058578309204555,62.585030681102026
Twic,Warrap,SS0806,4009.1870030346013,39.53445855287155,1399.360227722426,0.9860966456028977,34.90384027143742
Abyei Region,Abyei Region,SS0001,10640.171619311099,19.241740272917166,7353.374945044118,0.18084050672636595,69.10955206491505
Jur River,Western Bahr el Ghazal,SS0901,10141.202550274147,19.09686237106008,6466.6710590780085,0.18830964351997717,63.76631397529078
Raja,Western Bahr el Ghazal,SS0902,62777.282665144114,50.35364037598505,28871.131181344117,0.08020997124799566,45.98977521111193
Wau,Western Bahr el Ghazal,SS0903,19386.86366611042,2.904923271035588,9171.024467307165,0.014983977403800464,47.30535389970658
Ezo,Western Equatoria,SS1001,8119.051820195753,0.0,2585.998052522249,0.0,31.850985925347867
Ibba,Western Equatoria,SS1002,9655.739041668807,9.824681295101257,2927.244274123172,0.10174965637227133,30.316107979832633
Maridi,Western Equatoria,SS1003,7719.532787064296,160.75791334913194,1790.3241007322576,2.0824824219739786,23.192130276748394
Mundri East,Western Equatoria,SS1004,5108.294066523477,0.7980558281350465,3238.1594688654227,0.015622746414796256,63.3902321733251
Mundri West,Western Equatoria,SS1005,5900.947686036902,1.478244956544037,2967.581702940298,0.02505097545673772,50.28991715961706
Mvolo,Western Equatoria,SS1006,5747.720964049177,0.41007791758134426,3959.518465731915,0.007134617705805449,68.88849494430742
Nagero,Western Equatoria,SS1007,9264.814456084738,0.017188894710575133,5122.199878929968,0.0001855287528104375,55.28658888107494
Nzara,Western Equatoria,SS1008,6480.950117663517,0.0,2191.844410894555,0.0,33.81980066349822
Tambura,Western Equatoria,SS1009,12531.441191024978,0.0,4741.780160416793,0.0,37.839064862011696
Yambio,Western Equatoria,SS1010,8832.882077917417,0.009822225548900077,2860.3058059998034,0.00011120068695874546,32.38247472080138
